ranking_type,gender,year,week,rank,movement,points,competitions_played,competitor_id
ATP,men,2026,38,1,0,10860,20,sr:competitor:14898
ATP,men,2026,38,1,0,10860,20,sr:competitor:637970
ATP,men,2026,38,3,2,6890,24,sr:competitor:53785
ATP,men,2026,38,4,8,6140,26,sr:competitor:52065
ATP,men,2026,38,5,-2,6030,15,sr:competitor:16160
ATP,men,2026,38,6,-2,6030,17,sr:competitor:15568
ATP,men,2026,38,7,3,5670,20,sr:competitor:36593
ATP,men,2026,38,8,-2,5650,21,sr:competitor:51836
ATP,men,2026,38,9,-2,5650,22,sr:competitor:49363
ATP,men,2026,38,10,1,5400,17,sr:competitor:52293
ATP,men,2026,38,11,-3,5360,27,sr:competitor:95801
ATP,men,2026,38,12,-3,5060,21,sr:competitor:15310
ATP,men,2026,38,13,1,4195,27,sr:competitor:121182
ATP,men,2026,38,14,1,4195,29,sr:competitor:47295
ATP,men,2026,38,15,2,3970,24,sr:competitor:59131
ATP,men,2026,38,15,2,3970,24,sr:competitor:108099
ATP,men,2026,38,17,-4,3860,34,sr:competitor:111195
ATP,men,2026,38,18,-2,3735,33,sr:competitor:76263
ATP,men,2026,38,19,0,3290,33,sr:competitor:47966
ATP,men,2026,38,20,0,3290,37,sr:competitor:231090
ATP,men,2026,38,21,4,3070,27,sr:competitor:80665
ATP,men,2026,38,22,1,2980,26,sr:competitor:14835
ATP,men,2026,38,23,1,2980,27,sr:competitor:52202
ATP,men,2026,38,24,4,2810,33,sr:competitor:78793
ATP,men,2026,38,25,-4,2780,29,sr:competitor:106349
ATP,men,2026,38,26,-4,2780,33,sr:competitor:106559
ATP,men,2026,38,27,-1,2590,27,sr:competitor:16608
ATP,men,2026,38,27,7,2590,27,sr:competitor:25189
ATP,men,2026,38,29,2,2465,20,sr:competitor:44553
ATP,men,2026,38,30,5,2460,32,sr:competitor:127646
ATP,men,2026,38,31,2,2415,28,sr:competitor:70348
ATP,men,2026,38,32,8,2350,27,sr:competitor:152900
ATP,men,2026,38,33,4,2320,33,sr:competitor:112969
ATP,men,2026,38,33,4,2320,33,sr:competitor:936355
ATP,men,2026,38,35,-8,2260,17,sr:competitor:74173
ATP,men,2026,38,36,7,2255,25,sr:competitor:204781
ATP,men,2026,38,37,-1,2245,26,sr:competitor:59324
ATP,men,2026,38,38,-9,2240,31,sr:competitor:231188
ATP,men,2026,38,39,-9,2195,31,sr:competitor:16042
ATP,men,2026,38,40,2,2185,25,sr:competitor:114831
ATP,men,2026,38,41,0,2175,35,sr:competitor:280601
ATP,men,2026,38,42,2,1955,25,sr:competitor:112805
ATP,men,2026,38,43,3,1885,32,sr:competitor:206889
ATP,men,2026,38,44,-12,1770,27,sr:competitor:22967
ATP,men,2026,38,45,-6,1765,34,sr:competitor:838776
ATP,men,2026,38,46,1,1750,28,sr:competitor:62410
ATP,men,2026,38,47,1,1730,28,sr:competitor:52951
ATP,men,2026,38,48,5,1705,34,sr:competitor:23899
ATP,men,2026,38,49,5,1675,31,sr:competitor:52244
ATP,men,2026,38,50,0,1670,27,sr:competitor:234044
ATP,men,2026,38,51,0,1660,9,sr:competitor:90798
ATP,men,2026,38,52,-3,1630,30,sr:competitor:234124
ATP,men,2026,38,53,-1,1565,29,sr:competitor:66864
ATP,men,2026,38,54,2,1510,31,sr:competitor:16124
ATP,men,2026,38,55,4,1500,30,sr:competitor:81059
ATP,men,2026,38,56,6,1475,29,sr:competitor:230186
ATP,men,2026,38,57,3,1395,22,sr:competitor:15548
ATP,men,2026,38,58,3,1395,23,sr:competitor:38181
ATP,men,2026,38,59,4,1381,32,sr:competitor:16573
ATP,men,2026,38,60,8,1369,26,sr:competitor:1020797
ATP,men,2026,38,61,-16,1362,31,sr:competitor:393598
ATP,men,2026,38,62,4,1360,35,sr:competitor:287215
ATP,men,2026,38,63,2,1338,27,sr:competitor:243522
ATP,men,2026,38,64,0,1320,39,sr:competitor:422955
ATP,men,2026,38,65,6,1271,35,sr:competitor:1015089
ATP,men,2026,38,66,1,1235,36,sr:competitor:180104
ATP,men,2026,38,67,-9,1230,28,sr:competitor:16992
ATP,men,2026,38,68,4,1221,31,sr:competitor:15588
ATP,men,2026,38,69,4,1220,32,sr:competitor:15305
ATP,men,2026,38,70,8,1218,31,sr:competitor:297448
ATP,men,2026,38,71,-1,1217,36,sr:competitor:256001
ATP,men,2026,38,72,2,1216,2,sr:competitor:39726
ATP,men,2026,38,73,3,1172,24,sr:competitor:56629
ATP,men,2026,38,74,37,1125,15,sr:competitor:14553
ATP,men,2026,38,75,12,1106,37,sr:competitor:210736
ATP,men,2026,38,76,3,1101,34,sr:competitor:263865
ATP,men,2026,38,77,3,1101,35,sr:competitor:973963
ATP,men,2026,38,78,-9,1093,25,sr:competitor:17038
ATP,men,2026,38,79,-4,1092,35,sr:competitor:49306
ATP,men,2026,38,80,2,1051,30,sr:competitor:296270
ATP,men,2026,38,81,4,1047,23,sr:competitor:41475
ATP,men,2026,38,82,8,1042,34,sr:competitor:163538
ATP,men,2026,38,83,13,1017,32,sr:competitor:90110
ATP,men,2026,38,84,-27,1017,34,sr:competitor:204495
ATP,men,2026,38,85,-8,1016,31,sr:competitor:108755
ATP,men,2026,38,86,12,1014,33,sr:competitor:48646
ATP,men,2026,38,87,-4,1001,33,sr:competitor:614090
ATP,men,2026,38,88,-7,970,36,sr:competitor:145936
ATP,men,2026,38,89,-5,965,33,sr:competitor:209202
ATP,men,2026,38,90,13,956,33,sr:competitor:272245
ATP,men,2026,38,91,1,948,29,sr:competitor:52263
ATP,men,2026,38,92,1,938,35,sr:competitor:240880
ATP,men,2026,38,93,-7,935,35,sr:competitor:16198
ATP,men,2026,38,94,6,925,35,sr:competitor:45105
ATP,men,2026,38,95,-1,917,31,sr:competitor:55989
ATP,men,2026,38,96,8,902,31,sr:competitor:99377
ATP,men,2026,38,97,9,900,3,sr:competitor:188321
ATP,men,2026,38,98,-9,893,33,sr:competitor:113889
ATP,men,2026,38,99,-2,890,38,sr:competitor:628034
ATP,men,2026,38,100,1,886,36,sr:competitor:121032
ATP,men,2026,38,101,-2,849,35,sr:competitor:95923
ATP,men,2026,38,102,10,843,21,sr:competitor:405969
ATP,men,2026,38,103,-12,840,33,sr:competitor:16823
ATP,men,2026,38,104,1,825,3,sr:competitor:863319
ATP,men,2026,38,105,-50,825,17,sr:competitor:16151
ATP,men,2026,38,106,-4,824,35,sr:competitor:145008
ATP,men,2026,38,107,-12,820,33,sr:competitor:59700
ATP,men,2026,38,108,-20,810,15,sr:competitor:169496
ATP,men,2026,38,109,-1,800,7,sr:competitor:158912
ATP,men,2026,38,110,-3,772,32,sr:competitor:548169
ATP,men,2026,38,111,-2,770,14,sr:competitor:57163
ATP,men,2026,38,112,13,765,30,sr:competitor:42151
ATP,men,2026,38,113,0,750,11,sr:competitor:63606
ATP,men,2026,38,114,2,740,3,sr:competitor:71280
ATP,men,2026,38,115,4,736,33,sr:competitor:92845
ATP,men,2026,38,116,1,733,35,sr:competitor:310972
ATP,men,2026,38,117,4,721,35,sr:competitor:223868
ATP,men,2026,38,118,2,720,34,sr:competitor:295508
ATP,men,2026,38,119,-5,719,23,sr:competitor:437794
ATP,men,2026,38,120,33,716,26,sr:competitor:322801
ATP,men,2026,38,121,17,712,37,sr:competitor:77011
ATP,men,2026,38,122,-4,708,26,sr:competitor:505542
ATP,men,2026,38,123,1,700,6,sr:competitor:808628
ATP,men,2026,38,124,6,700,36,sr:competitor:60614
ATP,men,2026,38,125,1,690,8,sr:competitor:871495
ATP,men,2026,38,126,-4,676,34,sr:competitor:37637
ATP,men,2026,38,127,8,669,35,sr:competitor:25021
ATP,men,2026,38,128,-18,666,25,sr:competitor:113221
ATP,men,2026,38,129,-1,666,38,sr:competitor:98981
ATP,men,2026,38,130,1,645,29,sr:competitor:124708
ATP,men,2026,38,131,1,643,29,sr:competitor:233144
ATP,men,2026,38,132,13,638,37,sr:competitor:126622
ATP,men,2026,38,133,-18,637,31,sr:competitor:98413
ATP,men,2026,38,134,6,630,8,sr:competitor:106755
ATP,men,2026,38,135,6,630,9,sr:competitor:122368
ATP,men,2026,38,136,6,630,9,sr:competitor:90080
ATP,men,2026,38,137,6,630,12,sr:competitor:255595
ATP,men,2026,38,138,6,629,27,sr:competitor:73572
ATP,men,2026,38,139,0,629,28,sr:competitor:628226
ATP,men,2026,38,140,-17,628,30,sr:competitor:450383
ATP,men,2026,38,141,8,623,22,sr:competitor:210592
ATP,men,2026,38,142,8,623,34,sr:competitor:76361
ATP,men,2026,38,143,4,622,37,sr:competitor:161220
ATP,men,2026,38,144,8,618,30,sr:competitor:292414
ATP,men,2026,38,145,-12,615,37,sr:competitor:390480
ATP,men,2026,38,146,-9,612,27,sr:competitor:380004
ATP,men,2026,38,147,-20,610,34,sr:competitor:112061
ATP,men,2026,38,148,7,607,19,sr:competitor:628218
ATP,men,2026,38,149,26,607,32,sr:competitor:79223
ATP,men,2026,38,150,-2,604,33,sr:competitor:739643
ATP,men,2026,38,151,-22,596,32,sr:competitor:16854
ATP,men,2026,38,152,2,585,16,sr:competitor:534043
ATP,men,2026,38,153,4,584,36,sr:competitor:880089
ATP,men,2026,38,154,2,579,20,sr:competitor:918463
ATP,men,2026,38,155,7,567,35,sr:competitor:297502
ATP,men,2026,38,156,2,565,17,sr:competitor:809324
ATP,men,2026,38,157,-6,560,30,sr:competitor:111607
ATP,men,2026,38,158,3,542,25,sr:competitor:497320
ATP,men,2026,38,159,5,541,35,sr:competitor:54609
ATP,men,2026,38,160,-14,527,21,sr:competitor:147104
ATP,men,2026,38,161,-25,524,34,sr:competitor:157396
ATP,men,2026,38,162,-2,521,37,sr:competitor:731833
ATP,men,2026,38,163,4,516,18,sr:competitor:38180
ATP,men,2026,38,164,5,513,38,sr:competitor:50148
ATP,men,2026,38,165,3,497,31,sr:competitor:161448
ATP,men,2026,38,166,6,495,30,sr:competitor:210636
ATP,men,2026,38,167,6,490,35,sr:competitor:130442
ATP,men,2026,38,168,11,488,35,sr:competitor:52260
ATP,men,2026,38,169,-4,486,31,sr:competitor:77653
ATP,men,2026,38,170,0,485,31,sr:competitor:208123
ATP,men,2026,38,171,5,475,3,sr:competitor:309954
ATP,men,2026,38,172,-6,466,25,sr:competitor:660427
ATP,men,2026,38,173,1,463,34,sr:competitor:58877
ATP,men,2026,38,174,3,461,32,sr:competitor:272273
ATP,men,2026,38,175,18,457,17,sr:competitor:104917
ATP,men,2026,38,176,2,456,26,sr:competitor:853643
ATP,men,2026,38,177,13,453,33,sr:competitor:447733
ATP,men,2026,38,178,14,451,15,sr:competitor:686911
ATP,men,2026,38,179,1,443,35,sr:competitor:202735
ATP,men,2026,38,180,2,438,24,sr:competitor:25458
ATP,men,2026,38,181,13,438,37,sr:competitor:289021
ATP,men,2026,38,182,3,430,9,sr:competitor:1128937
ATP,men,2026,38,183,14,427,20,sr:competitor:588081
ATP,men,2026,38,184,3,425,15,sr:competitor:299130
ATP,men,2026,38,185,4,423,10,sr:competitor:168420
ATP,men,2026,38,186,14,422,24,sr:competitor:822192
ATP,men,2026,38,187,-28,419,34,sr:competitor:322589
ATP,men,2026,38,188,-4,415,34,sr:competitor:182086
ATP,men,2026,38,189,9,413,20,sr:competitor:84659
ATP,men,2026,38,190,1,412,37,sr:competitor:645442
ATP,men,2026,38,191,-5,411,24,sr:competitor:348308
ATP,men,2026,38,192,-21,407,26,sr:competitor:53759
ATP,men,2026,38,193,36,395,23,sr:competitor:222628
ATP,men,2026,38,194,20,393,16,sr:competitor:46259
ATP,men,2026,38,195,14,389,19,sr:competitor:252239
ATP,men,2026,38,196,31,389,31,sr:competitor:193912
ATP,men,2026,38,197,-14,377,24,sr:competitor:63446
ATP,men,2026,38,198,-10,373,18,sr:competitor:103625
ATP,men,2026,38,199,0,372,29,sr:competitor:95939
ATP,men,2026,38,200,3,370,3,sr:competitor:127208
ATP,men,2026,38,201,3,367,33,sr:competitor:395828
ATP,men,2026,38,202,-1,363,34,sr:competitor:1020369
ATP,men,2026,38,203,3,362,16,sr:competitor:305776
ATP,men,2026,38,204,3,360,5,sr:competitor:102339
ATP,men,2026,38,205,7,355,13,sr:competitor:393518
ATP,men,2026,38,206,7,354,16,sr:competitor:82157
ATP,men,2026,38,207,-2,354,35,sr:competitor:170976
ATP,men,2026,38,208,8,352,15,sr:competitor:146040
ATP,men,2026,38,209,8,351,12,sr:competitor:102151
ATP,men,2026,38,210,13,349,29,sr:competitor:77501
ATP,men,2026,38,211,7,347,7,sr:competitor:443702
ATP,men,2026,38,212,8,347,23,sr:competitor:407791
ATP,men,2026,38,213,9,345,7,sr:competitor:382058
ATP,men,2026,38,214,20,341,29,sr:competitor:181384
ATP,men,2026,38,215,9,340,3,sr:competitor:359602
ATP,men,2026,38,216,63,340,5,sr:competitor:46391
ATP,men,2026,38,217,78,340,41,sr:competitor:154740
ATP,men,2026,38,218,7,339,27,sr:competitor:389078
ATP,men,2026,38,219,-4,337,34,sr:competitor:96629
ATP,men,2026,38,220,6,333,26,sr:competitor:395890
ATP,men,2026,38,221,-19,332,32,sr:competitor:72420
ATP,men,2026,38,222,-3,327,9,sr:competitor:371448
ATP,men,2026,38,223,-27,324,34,sr:competitor:1025093
ATP,men,2026,38,224,4,321,35,sr:competitor:761136
ATP,men,2026,38,225,-44,320,18,sr:competitor:185434
ATP,men,2026,38,226,5,320,28,sr:competitor:154490
ATP,men,2026,38,227,-17,320,35,sr:competitor:319353
ATP,men,2026,38,228,4,318,17,sr:competitor:369572
ATP,men,2026,38,229,4,317,22,sr:competitor:369630
ATP,men,2026,38,230,41,317,22,sr:competitor:119150
ATP,men,2026,38,231,29,316,32,sr:competitor:170964
ATP,men,2026,38,232,3,315,21,sr:competitor:44637
ATP,men,2026,38,233,8,315,21,sr:competitor:132558
ATP,men,2026,38,234,3,312,23,sr:competitor:378220
ATP,men,2026,38,235,3,308,23,sr:competitor:48225
ATP,men,2026,38,236,6,304,22,sr:competitor:53483
ATP,men,2026,38,237,-7,304,24,sr:competitor:768772
ATP,men,2026,38,238,8,304,28,sr:competitor:55293
ATP,men,2026,38,239,4,302,5,sr:competitor:94485
ATP,men,2026,38,240,5,299,31,sr:competitor:24009
ATP,men,2026,38,241,93,298,24,sr:competitor:219398
ATP,men,2026,38,242,8,298,28,sr:competitor:58989
ATP,men,2026,38,243,-7,298,28,sr:competitor:179294
ATP,men,2026,38,244,-33,295,12,sr:competitor:100069
ATP,men,2026,38,245,3,293,8,sr:competitor:515510
ATP,men,2026,38,246,-83,293,13,sr:competitor:110707
ATP,men,2026,38,247,60,293,32,sr:competitor:99043
ATP,men,2026,38,248,-4,292,35,sr:competitor:733153
ATP,men,2026,38,249,-28,291,27,sr:competitor:163540
ATP,men,2026,38,250,-116,290,9,sr:competitor:300540
ATP,men,2026,38,251,-11,290,22,sr:competitor:111609
ATP,men,2026,38,252,0,290,29,sr:competitor:85877
ATP,men,2026,38,253,1,287,16,sr:competitor:287541
ATP,men,2026,38,254,1,285,8,sr:competitor:938097
ATP,men,2026,38,255,1,284,9,sr:competitor:49417
ATP,men,2026,38,256,1,283,15,sr:competitor:66086
ATP,men,2026,38,257,2,282,37,sr:competitor:200873
ATP,men,2026,38,258,-7,281,18,sr:competitor:250231
ATP,men,2026,38,259,44,274,14,sr:competitor:298118
ATP,men,2026,38,260,1,273,23,sr:competitor:452787
ATP,men,2026,38,261,-8,273,26,sr:competitor:207777
ATP,men,2026,38,262,0,270,5,sr:competitor:175014
ATP,men,2026,38,263,0,270,5,sr:competitor:122366
ATP,men,2026,38,264,0,270,6,sr:competitor:254383
ATP,men,2026,38,265,0,270,34,sr:competitor:418253
ATP,men,2026,38,266,0,269,28,sr:competitor:84671
ATP,men,2026,38,267,-20,269,35,sr:competitor:60920
ATP,men,2026,38,268,-19,268,27,sr:competitor:220590
ATP,men,2026,38,269,31,267,31,sr:competitor:1080832
ATP,men,2026,38,270,-31,266,19,sr:competitor:55745
ATP,men,2026,38,271,-1,264,13,sr:competitor:809322
ATP,men,2026,38,272,0,259,17,sr:competitor:221556
ATP,men,2026,38,273,1,258,14,sr:competitor:303862
ATP,men,2026,38,274,13,257,22,sr:competitor:866247
ATP,men,2026,38,275,95,254,12,sr:competitor:195458
ATP,men,2026,38,276,37,253,21,sr:competitor:635386
ATP,men,2026,38,277,52,253,35,sr:competitor:376372
ATP,men,2026,38,278,14,252,16,sr:competitor:723013
ATP,men,2026,38,279,-3,252,19,sr:competitor:69362
ATP,men,2026,38,280,-2,250,3,sr:competitor:104847
ATP,men,2026,38,281,-1,250,5,sr:competitor:47975
ATP,men,2026,38,282,-24,250,8,sr:competitor:256875
ATP,men,2026,38,283,-2,250,9,sr:competitor:145112
ATP,men,2026,38,284,-2,250,11,sr:competitor:125006
ATP,men,2026,38,285,9,249,20,sr:competitor:220588
ATP,men,2026,38,286,-3,248,24,sr:competitor:433906
ATP,men,2026,38,287,-2,248,29,sr:competitor:1196859
ATP,men,2026,38,288,-19,245,9,sr:competitor:283759
ATP,men,2026,38,289,450,244,5,sr:competitor:1034525
ATP,men,2026,38,290,-4,242,27,sr:competitor:318187
ATP,men,2026,38,291,-14,240,16,sr:competitor:216502
ATP,men,2026,38,292,-97,239,14,sr:competitor:927343
ATP,men,2026,38,293,17,239,19,sr:competitor:564952
ATP,men,2026,38,294,-21,239,30,sr:competitor:342822
ATP,men,2026,38,295,-5,238,14,sr:competitor:116616
ATP,men,2026,38,296,-28,236,8,sr:competitor:565070
ATP,men,2026,38,297,0,231,23,sr:competitor:515498
ATP,men,2026,38,298,1,230,12,sr:competitor:43761
ATP,men,2026,38,299,42,230,36,sr:competitor:246745
ATP,men,2026,38,300,5,230,40,sr:competitor:124934
ATP,men,2026,38,301,0,229,17,sr:competitor:353548
ATP,men,2026,38,302,0,229,17,sr:competitor:64920
ATP,men,2026,38,303,35,229,18,sr:competitor:682903
ATP,men,2026,38,304,10,228,22,sr:competitor:301896
ATP,men,2026,38,305,20,225,20,sr:competitor:163438
ATP,men,2026,38,306,6,223,18,sr:competitor:284835
ATP,men,2026,38,307,100,222,22,sr:competitor:538457
ATP,men,2026,38,308,7,221,18,sr:competitor:82133
ATP,men,2026,38,309,10,220,26,sr:competitor:529399
ATP,men,2026,38,310,40,220,26,sr:competitor:812360
ATP,men,2026,38,311,6,219,15,sr:competitor:287543
ATP,men,2026,38,312,6,219,17,sr:competitor:161868
ATP,men,2026,38,313,-5,218,14,sr:competitor:54975
ATP,men,2026,38,314,-39,217,8,sr:competitor:722431
ATP,men,2026,38,315,6,217,11,sr:competitor:763106
ATP,men,2026,38,316,-28,217,18,sr:competitor:873679
ATP,men,2026,38,317,-26,217,29,sr:competitor:412829
ATP,men,2026,38,318,2,215,31,sr:competitor:130494
ATP,men,2026,38,319,3,214,14,sr:competitor:434058
ATP,men,2026,38,320,783,212,4,sr:competitor:965785
ATP,men,2026,38,321,10,212,21,sr:competitor:215778
ATP,men,2026,38,322,2,210,19,sr:competitor:431697
ATP,men,2026,38,323,3,207,10,sr:competitor:951223
ATP,men,2026,38,324,-13,207,22,sr:competitor:244388
ATP,men,2026,38,325,5,206,20,sr:competitor:381022
ATP,men,2026,38,326,-30,206,34,sr:competitor:171072
ATP,men,2026,38,327,-60,202,15,sr:competitor:81763
ATP,men,2026,38,328,26,202,39,sr:competitor:403285
ATP,men,2026,38,329,6,201,12,sr:competitor:312728
ATP,men,2026,38,330,-3,201,27,sr:competitor:840614
ATP,men,2026,38,331,6,199,11,sr:competitor:312440
ATP,men,2026,38,332,0,199,21,sr:competitor:685379
ATP,men,2026,38,333,7,199,26,sr:competitor:215696
ATP,men,2026,38,334,-6,199,29,sr:competitor:202681
ATP,men,2026,38,335,65,198,17,sr:competitor:637610
ATP,men,2026,38,336,-20,197,20,sr:competitor:407785
ATP,men,2026,38,337,-31,197,30,sr:competitor:106395
ATP,men,2026,38,338,4,194,25,sr:competitor:273883
ATP,men,2026,38,339,5,193,21,sr:competitor:312436
ATP,men,2026,38,340,-7,193,23,sr:competitor:494844
ATP,men,2026,38,341,4,192,10,sr:competitor:240264
ATP,men,2026,38,342,47,192,33,sr:competitor:155860
ATP,men,2026,38,343,-39,190,13,sr:competitor:268441
ATP,men,2026,38,344,38,187,27,sr:competitor:213234
ATP,men,2026,38,345,-22,185,23,sr:competitor:180948
ATP,men,2026,38,346,5,184,9,sr:competitor:342826
ATP,men,2026,38,347,8,182,4,sr:competitor:224024
ATP,men,2026,38,348,-1,182,31,sr:competitor:48055
ATP,men,2026,38,349,9,180,1,sr:competitor:223874
ATP,men,2026,38,349,11,180,1,sr:competitor:675175
ATP,men,2026,38,351,9,180,2,sr:competitor:163504
ATP,men,2026,38,351,7,180,2,sr:competitor:187689
ATP,men,2026,38,353,9,180,2,sr:competitor:972327
ATP,men,2026,38,354,233,180,3,sr:competitor:505550
ATP,men,2026,38,355,8,180,4,sr:competitor:337601
ATP,men,2026,38,356,8,180,5,sr:competitor:339377
ATP,men,2026,38,357,-149,180,7,sr:competitor:204117
ATP,men,2026,38,358,7,180,8,sr:competitor:399637
ATP,men,2026,38,359,7,180,9,sr:competitor:266711
ATP,men,2026,38,360,7,180,10,sr:competitor:163480
ATP,men,2026,38,361,7,180,24,sr:competitor:908699
ATP,men,2026,38,362,7,179,6,sr:competitor:121668
ATP,men,2026,38,363,10,177,10,sr:competitor:414501
ATP,men,2026,38,364,-55,175,5,sr:competitor:515478
ATP,men,2026,38,365,10,175,5,sr:competitor:43319
ATP,men,2026,38,366,18,175,11,sr:competitor:243478
ATP,men,2026,38,367,9,175,14,sr:competitor:450343
ATP,men,2026,38,368,11,171,11,sr:competitor:51100
ATP,men,2026,38,369,-33,170,11,sr:competitor:682913
ATP,men,2026,38,370,111,170,18,sr:competitor:498580
ATP,men,2026,38,371,24,168,22,sr:competitor:833418
ATP,men,2026,38,372,6,167,30,sr:competitor:217192
ATP,men,2026,38,373,-17,166,8,sr:competitor:51345
ATP,men,2026,38,374,-3,164,12,sr:competitor:605854
ATP,men,2026,38,375,-23,164,14,sr:competitor:229024
ATP,men,2026,38,376,-2,163,33,sr:competitor:580165
ATP,men,2026,38,377,-29,162,10,sr:competitor:518742
ATP,men,2026,38,378,-29,162,22,sr:competitor:441576
ATP,men,2026,38,379,-86,161,29,sr:competitor:83263
ATP,men,2026,38,380,8,160,25,sr:competitor:135828
ATP,men,2026,38,381,45,160,28,sr:competitor:228766
ATP,men,2026,38,382,-98,159,18,sr:competitor:1011445
ATP,men,2026,38,383,41,159,24,sr:competitor:312348
ATP,men,2026,38,384,-7,159,32,sr:competitor:297608
ATP,men,2026,38,385,6,158,8,sr:competitor:373348
ATP,men,2026,38,386,-33,158,21,sr:competitor:141882
ATP,men,2026,38,387,5,157,20,sr:competitor:679481
ATP,men,2026,38,388,21,157,26,sr:competitor:256393
ATP,men,2026,38,389,1,156,19,sr:competitor:212046
ATP,men,2026,38,390,6,155,11,sr:competitor:341188
ATP,men,2026,38,391,-8,154,7,sr:competitor:101157
ATP,men,2026,38,392,24,153,32,sr:competitor:445313
ATP,men,2026,38,393,-13,151,16,sr:competitor:686709
ATP,men,2026,38,394,7,151,24,sr:competitor:668903
ATP,men,2026,38,395,-14,151,24,sr:competitor:906831
ATP,men,2026,38,396,-57,151,28,sr:competitor:458575
ATP,men,2026,38,397,5,150,1,sr:competitor:233184
ATP,men,2026,38,398,5,150,7,sr:competitor:170946
ATP,men,2026,38,399,56,150,19,sr:competitor:197678
ATP,men,2026,38,400,22,150,24,sr:competitor:278497
ATP,men,2026,38,401,-4,150,25,sr:competitor:245343
ATP,men,2026,38,402,6,148,18,sr:competitor:978579
ATP,men,2026,38,403,-9,147,19,sr:competitor:403357
ATP,men,2026,38,404,8,145,8,sr:competitor:405977
ATP,men,2026,38,405,8,145,15,sr:competitor:952887
ATP,men,2026,38,406,46,145,15,sr:competitor:114885
ATP,men,2026,38,407,8,145,16,sr:competitor:121248
ATP,men,2026,38,408,11,145,17,sr:competitor:609146
ATP,men,2026,38,409,57,142,16,sr:competitor:82579
ATP,men,2026,38,410,11,142,23,sr:competitor:1111195
ATP,men,2026,38,411,-113,140,5,sr:competitor:63438
ATP,men,2026,38,412,-123,140,5,sr:competitor:938667
ATP,men,2026,38,413,12,140,5,sr:competitor:496346
ATP,men,2026,38,414,13,139,6,sr:competitor:870927
ATP,men,2026,38,415,-4,139,32,sr:competitor:16852
ATP,men,2026,38,416,139,138,14,sr:competitor:925069
ATP,men,2026,38,417,-71,137,8,sr:competitor:530317
ATP,men,2026,38,418,14,137,10,sr:competitor:345060
ATP,men,2026,38,419,108,137,11,sr:competitor:145108
ATP,men,2026,38,420,13,136,15,sr:competitor:833442
ATP,men,2026,38,421,-28,136,21,sr:competitor:138712
ATP,men,2026,38,422,14,135,7,sr:competitor:604344
ATP,men,2026,38,423,180,135,8,sr:competitor:77223
ATP,men,2026,38,423,14,135,8,sr:competitor:88992
ATP,men,2026,38,425,118,135,22,sr:competitor:48459
ATP,men,2026,38,426,-22,134,17,sr:competitor:96239
ATP,men,2026,38,427,-17,133,21,sr:competitor:230152
ATP,men,2026,38,428,60,133,26,sr:competitor:518802
ATP,men,2026,38,429,13,132,20,sr:competitor:180446
ATP,men,2026,38,430,62,132,20,sr:competitor:100317
ATP,men,2026,38,431,-74,131,11,sr:competitor:145122
ATP,men,2026,38,432,-14,131,16,sr:competitor:126402
ATP,men,2026,38,433,-35,131,40,sr:competitor:759758
ATP,men,2026,38,434,10,130,12,sr:competitor:25726
ATP,men,2026,38,435,10,130,13,sr:competitor:305558
ATP,men,2026,38,436,68,130,18,sr:competitor:644676
ATP,men,2026,38,437,-7,130,22,sr:competitor:652290
ATP,men,2026,38,438,9,130,25,sr:competitor:457167
ATP,men,2026,38,439,55,129,12,sr:competitor:534031
ATP,men,2026,38,440,9,129,20,sr:competitor:299818
ATP,men,2026,38,441,-55,129,27,sr:competitor:337607
ATP,men,2026,38,442,-28,128,13,sr:competitor:812862
ATP,men,2026,38,443,-4,128,23,sr:competitor:255601
ATP,men,2026,38,444,26,125,15,sr:competitor:251091
ATP,men,2026,38,445,12,125,25,sr:competitor:902257
ATP,men,2026,38,446,12,124,5,sr:competitor:341218
ATP,men,2026,38,447,12,124,9,sr:competitor:603420
ATP,men,2026,38,448,122,124,13,sr:competitor:211992
ATP,men,2026,38,449,11,124,14,sr:competitor:272281
ATP,men,2026,38,450,12,123,9,sr:competitor:359608
ATP,men,2026,38,451,81,123,21,sr:competitor:1028265
ATP,men,2026,38,452,9,123,23,sr:competitor:439480
ATP,men,2026,38,453,12,122,14,sr:competitor:373852
ATP,men,2026,38,454,33,122,24,sr:competitor:79227
ATP,men,2026,38,455,27,122,25,sr:competitor:342976
ATP,men,2026,38,455,27,122,25,sr:competitor:342978
ATP,men,2026,38,457,-26,121,8,sr:competitor:396126
ATP,men,2026,38,458,10,121,13,sr:competitor:904033
ATP,men,2026,38,459,10,121,14,sr:competitor:65576
ATP,men,2026,38,460,13,120,6,sr:competitor:682911
ATP,men,2026,38,461,13,120,7,sr:competitor:310974
ATP,men,2026,38,462,13,120,8,sr:competitor:263917
ATP,men,2026,38,463,14,120,8,sr:competitor:412813
ATP,men,2026,38,464,12,120,9,sr:competitor:508496
ATP,men,2026,38,465,-48,120,14,sr:competitor:18066
ATP,men,2026,38,466,-28,120,15,sr:competitor:350814
ATP,men,2026,38,467,18,120,15,sr:competitor:540211
ATP,men,2026,38,468,71,119,6,sr:competitor:307112
ATP,men,2026,38,469,217,119,10,sr:competitor:785974
ATP,men,2026,38,470,14,119,17,sr:competitor:978717
ATP,men,2026,38,471,0,119,19,sr:competitor:262865
ATP,men,2026,38,472,-66,118,11,sr:competitor:177658
ATP,men,2026,38,473,7,118,15,sr:competitor:844730
ATP,men,2026,38,474,-2,118,19,sr:competitor:283451
ATP,men,2026,38,475,-32,118,20,sr:competitor:627274
ATP,men,2026,38,476,-133,118,20,sr:competitor:92667
ATP,men,2026,38,477,24,117,12,sr:competitor:163492
ATP,men,2026,38,478,13,116,11,sr:competitor:353298
ATP,men,2026,38,479,-45,116,18,sr:competitor:1047289
ATP,men,2026,38,480,42,116,26,sr:competitor:1036507
ATP,men,2026,38,481,8,116,31,sr:competitor:120956
ATP,men,2026,38,482,11,115,7,sr:competitor:258735
ATP,men,2026,38,483,-20,115,10,sr:competitor:117866
ATP,men,2026,38,484,12,115,13,sr:competitor:908687
ATP,men,2026,38,485,-35,115,20,sr:competitor:844726
ATP,men,2026,38,486,-8,114,10,sr:competitor:418167
ATP,men,2026,38,487,10,114,19,sr:competitor:645452
ATP,men,2026,38,488,121,114,19,sr:competitor:739687
ATP,men,2026,38,489,56,114,27,sr:competitor:855911
ATP,men,2026,38,490,9,113,7,sr:competitor:622876
ATP,men,2026,38,491,-62,113,8,sr:competitor:93597
ATP,men,2026,38,492,8,113,10,sr:competitor:457059
ATP,men,2026,38,493,144,113,11,sr:competitor:780650
ATP,men,2026,38,494,14,112,10,sr:competitor:47764
ATP,men,2026,38,495,-31,112,10,sr:competitor:934155
ATP,men,2026,38,496,-68,112,21,sr:competitor:681071
ATP,men,2026,38,497,13,111,9,sr:competitor:920395
ATP,men,2026,38,498,4,111,13,sr:competitor:390486
ATP,men,2026,38,499,12,111,14,sr:competitor:1042053
ATP,men,2026,38,500,-54,111,18,sr:competitor:668817
WTA,women,2026,38,1,0,11460,17,sr:competitor:72376
WTA,women,2026,38,2,0,9545,13,sr:competitor:51387
WTA,women,2026,38,3,1,7795,18,sr:competitor:96075
WTA,women,2026,38,4,1,6850,22,sr:competitor:41524
WTA,women,2026,38,5,-2,6705,17,sr:competitor:43860
WTA,women,2026,38,6,0,6675,24,sr:competitor:69718
WTA,women,2026,38,7,0,6050,28,sr:competitor:19607
WTA,women,2026,38,8,0,5423,14,sr:competitor:78551
WTA,women,2026,38,9,3,4625,16,sr:competitor:18936
WTA,women,2026,38,10,1,4511,24,sr:competitor:33593
WTA,women,2026,38,11,2,4485,19,sr:competitor:64496
WTA,women,2026,38,12,-2,4380,25,sr:competitor:46084
WTA,women,2026,38,13,-4,4235,16,sr:competitor:19202
WTA,women,2026,38,14,3,3707,16,sr:competitor:18298
WTA,women,2026,38,15,0,3696,14,sr:competitor:153652
WTA,women,2026,38,16,4,3550,21,sr:competitor:99131
WTA,women,2026,38,17,1,3546,22,sr:competitor:45835
WTA,women,2026,38,18,1,3348,15,sr:competitor:37508
WTA,women,2026,38,19,4,3240,25,sr:competitor:119670
WTA,women,2026,38,20,4,3184,26,sr:competitor:208125
WTA,women,2026,38,21,11,3100,28,sr:competitor:150122
WTA,women,2026,38,22,0,3076,21,sr:competitor:43547
WTA,women,2026,38,23,8,3043,16,sr:competitor:588071
WTA,women,2026,38,24,-3,3035,23,sr:competitor:50537
WTA,women,2026,38,25,-9,3011,10,sr:competitor:69208
WTA,women,2026,38,26,4,2973,19,sr:competitor:776340
WTA,women,2026,38,27,-1,2936,26,sr:competitor:129714
WTA,women,2026,38,27,-1,2936,30,sr:competitor:142996
WTA,women,2026,38,29,-1,2898,30,sr:competitor:51481
WTA,women,2026,38,30,-5,2851,29,sr:competitor:19974
WTA,women,2026,38,31,-17,2494,26,sr:competitor:74949
WTA,women,2026,38,32,7,2427,29,sr:competitor:64021
WTA,women,2026,38,33,1,2409,25,sr:competitor:157672
WTA,women,2026,38,34,2,2388,17,sr:competitor:242602
WTA,women,2026,38,35,0,2376,30,sr:competitor:108621
WTA,women,2026,38,36,7,2362,29,sr:competitor:66432
WTA,women,2026,38,37,1,2350,16,sr:competitor:401055
WTA,women,2026,38,38,3,2336,14,sr:competitor:105463
WTA,women,2026,38,39,-2,2288,26,sr:competitor:73542
WTA,women,2026,38,40,4,2271,34,sr:competitor:69602
WTA,women,2026,38,41,1,2245,28,sr:competitor:47801
WTA,women,2026,38,42,6,2236,31,sr:competitor:48625
WTA,women,2026,38,43,3,2180,26,sr:competitor:460837
WTA,women,2026,38,44,-4,2164,29,sr:competitor:166124
WTA,women,2026,38,45,-12,2123,8,sr:competitor:871583
WTA,women,2026,38,46,-17,2078,7,sr:competitor:43102
WTA,women,2026,38,47,3,1997,27,sr:competitor:24431
WTA,women,2026,38,48,3,1963,15,sr:competitor:128584
WTA,women,2026,38,49,-2,1838,26,sr:competitor:19932
WTA,women,2026,38,50,2,1765,26,sr:competitor:19731
WTA,women,2026,38,51,7,1760,26,sr:competitor:41520
WTA,women,2026,38,52,4,1758,27,sr:competitor:46428
WTA,women,2026,38,52,2,1758,24,sr:competitor:182054
WTA,women,2026,38,54,-1,1714,12,sr:competitor:67759
WTA,women,2026,38,55,0,1709,30,sr:competitor:235252
WTA,women,2026,38,56,1,1686,33,sr:competitor:194106
WTA,women,2026,38,57,9,1660,13,sr:competitor:18965
WTA,women,2026,38,58,1,1618,28,sr:competitor:87090
WTA,women,2026,38,59,1,1611,30,sr:competitor:182178
WTA,women,2026,38,60,-11,1603,30,sr:competitor:47810
WTA,women,2026,38,61,0,1554,21,sr:competitor:173748
WTA,women,2026,38,62,10,1454,15,sr:competitor:135854
WTA,women,2026,38,63,5,1452,26,sr:competitor:70784
WTA,women,2026,38,64,-2,1438,16,sr:competitor:45915
WTA,women,2026,38,65,505,1422,4,sr:competitor:499484
WTA,women,2026,38,66,-21,1420,2,sr:competitor:66968
WTA,women,2026,38,67,-4,1400,21,sr:competitor:215476
WTA,women,2026,38,68,542,1396,8,sr:competitor:549759
WTA,women,2026,38,69,-2,1355,28,sr:competitor:60668
WTA,women,2026,38,70,-1,1317,20,sr:competitor:91960
WTA,women,2026,38,71,-7,1309,11,sr:competitor:914135
WTA,women,2026,38,72,4,1282,28,sr:competitor:799304
WTA,women,2026,38,73,-2,1262,34,sr:competitor:385206
WTA,women,2026,38,74,-4,1258,32,sr:competitor:418583
WTA,women,2026,38,75,3,1241,30,sr:competitor:92877
WTA,women,2026,38,76,1,1229,16,sr:competitor:53789
WTA,women,2026,38,77,-4,1215,6,sr:competitor:138452
WTA,women,2026,38,78,3,1162,14,sr:competitor:272217
WTA,women,2026,38,79,-14,1125,17,sr:competitor:289507
WTA,women,2026,38,80,-5,1123,28,sr:competitor:303814
WTA,women,2026,38,81,5,1096,19,sr:competitor:49682
WTA,women,2026,38,82,-2,1040,17,sr:competitor:329535
WTA,women,2026,38,83,-9,1039,23,sr:competitor:92879
WTA,women,2026,38,84,1,989,11,sr:competitor:44834
WTA,women,2026,38,85,-1,948,33,sr:competitor:52533
WTA,women,2026,38,86,-7,933,26,sr:competitor:64085
WTA,women,2026,38,87,-5,922,6,sr:competitor:103901
WTA,women,2026,38,88,0,917,26,sr:competitor:156040
WTA,women,2026,38,88,0,917,26,sr:competitor:210670
WTA,women,2026,38,90,1,889,9,sr:competitor:534045
WTA,women,2026,38,91,-8,887,14,sr:competitor:44977
WTA,women,2026,38,92,0,882,31,sr:competitor:51943
WTA,women,2026,38,93,0,868,29,sr:competitor:93657
WTA,women,2026,38,94,-4,856,28,sr:competitor:143146
WTA,women,2026,38,95,3,849,30,sr:competitor:448121
WTA,women,2026,38,96,-2,848,4,sr:competitor:60398
WTA,women,2026,38,97,-10,843,12,sr:competitor:252223
WTA,women,2026,38,98,-3,840,32,sr:competitor:48451
WTA,women,2026,38,99,1,835,23,sr:competitor:67430
WTA,women,2026,38,100,-4,831,12,sr:competitor:72758
WTA,women,2026,38,101,11,826,19,sr:competitor:662257
WTA,women,2026,38,102,17,816,8,sr:competitor:60392
WTA,women,2026,38,103,1,815,26,sr:competitor:245673
WTA,women,2026,38,104,-5,812,22,sr:competitor:48486
WTA,women,2026,38,105,-3,801,28,sr:competitor:183957
WTA,women,2026,38,106,1,781,23,sr:competitor:215806
WTA,women,2026,38,107,-2,776,19,sr:competitor:129534
WTA,women,2026,38,108,20,735,25,sr:competitor:102637
WTA,women,2026,38,109,-1,733,29,sr:competitor:628178
WTA,women,2026,38,110,-1,730,21,sr:competitor:722877
WTA,women,2026,38,111,-1,728,31,sr:competitor:250285
WTA,women,2026,38,112,-9,715,17,sr:competitor:189384
WTA,women,2026,38,113,-2,712,9,sr:competitor:813176
WTA,women,2026,38,114,11,712,18,sr:competitor:161270
WTA,women,2026,38,115,0,701,28,sr:competitor:345134
WTA,women,2026,38,116,0,700,44,sr:competitor:325837
WTA,women,2026,38,117,22,692,19,sr:competitor:203893
WTA,women,2026,38,118,0,691,9,sr:competitor:105099
WTA,women,2026,38,119,2,684,12,sr:competitor:453301
WTA,women,2026,38,120,25,675,23,sr:competitor:223862
WTA,women,2026,38,121,3,671,12,sr:competitor:627278
WTA,women,2026,38,122,0,670,7,sr:competitor:19728
WTA,women,2026,38,123,-6,662,24,sr:competitor:49118
WTA,women,2026,38,124,3,660,29,sr:competitor:233266
WTA,women,2026,38,125,1,658,22,sr:competitor:195408
WTA,women,2026,38,126,-12,655,22,sr:competitor:119216
WTA,women,2026,38,127,-4,651,31,sr:competitor:70728
WTA,women,2026,38,128,-22,643,10,sr:competitor:360038
WTA,women,2026,38,129,35,638,11,sr:competitor:69988
WTA,women,2026,38,130,0,629,20,sr:competitor:473609
WTA,women,2026,38,131,4,623,33,sr:competitor:98523
WTA,women,2026,38,132,-1,623,25,sr:competitor:506786
WTA,women,2026,38,133,-1,622,37,sr:competitor:80427
WTA,women,2026,38,134,6,618,24,sr:competitor:517274
WTA,women,2026,38,135,1,615,27,sr:competitor:88494
WTA,women,2026,38,136,1,611,33,sr:competitor:52695
WTA,women,2026,38,137,89,610,3,sr:competitor:90664
WTA,women,2026,38,138,-18,605,30,sr:competitor:50915
WTA,women,2026,38,139,-10,601,30,sr:competitor:870981
WTA,women,2026,38,140,-6,589,19,sr:competitor:805538
WTA,women,2026,38,141,100,588,7,sr:competitor:150574
WTA,women,2026,38,142,1,573,5,sr:competitor:373352
WTA,women,2026,38,143,-2,571,24,sr:competitor:226306
WTA,women,2026,38,144,7,568,16,sr:competitor:98733
WTA,women,2026,38,145,1,566,24,sr:competitor:290994
WTA,women,2026,38,146,1,564,14,sr:competitor:662615
WTA,women,2026,38,147,1,563,13,sr:competitor:882091
WTA,women,2026,38,148,120,555,6,sr:competitor:299310
WTA,women,2026,38,149,-36,554,11,sr:competitor:369524
WTA,women,2026,38,150,-53,552,20,sr:competitor:71754
WTA,women,2026,38,151,-7,550,27,sr:competitor:278943
WTA,women,2026,38,152,-2,549,26,sr:competitor:59762
WTA,women,2026,38,153,0,537,19,sr:competitor:52183
WTA,women,2026,38,154,1,530,25,sr:competitor:20158
WTA,women,2026,38,155,-3,524,21,sr:competitor:1022815
WTA,women,2026,38,156,1,523,32,sr:competitor:46625
WTA,women,2026,38,157,3,519,30,sr:competitor:64315
WTA,women,2026,38,158,-2,515,4,sr:competitor:123824
WTA,women,2026,38,159,0,514,22,sr:competitor:448123
WTA,women,2026,38,160,-2,513,19,sr:competitor:378340
WTA,women,2026,38,161,-28,510,5,sr:competitor:278887
WTA,women,2026,38,162,1,510,5,sr:competitor:87834
WTA,women,2026,38,163,2,508,23,sr:competitor:152106
WTA,women,2026,38,164,4,505,28,sr:competitor:222546
WTA,women,2026,38,165,1,499,3,sr:competitor:85077
WTA,women,2026,38,166,3,494,9,sr:competitor:42289
WTA,women,2026,38,167,10,489,25,sr:competitor:142758
WTA,women,2026,38,168,139,488,4,sr:competitor:19520
WTA,women,2026,38,169,2,487,28,sr:competitor:230108
WTA,women,2026,38,170,2,486,6,sr:competitor:71034
WTA,women,2026,38,171,-33,483,11,sr:competitor:261583
WTA,women,2026,38,172,-23,481,26,sr:competitor:168526
WTA,women,2026,38,173,0,480,20,sr:competitor:435794
WTA,women,2026,38,174,17,476,12,sr:competitor:431743
WTA,women,2026,38,175,0,475,30,sr:competitor:246945
WTA,women,2026,38,176,0,466,13,sr:competitor:1020123
WTA,women,2026,38,177,-16,464,20,sr:competitor:53288
WTA,women,2026,38,178,24,455,28,sr:competitor:345070
WTA,women,2026,38,179,18,452,20,sr:competitor:731427
WTA,women,2026,38,180,1,452,16,sr:competitor:880229
WTA,women,2026,38,181,7,449,25,sr:competitor:382796
WTA,women,2026,38,182,-15,448,14,sr:competitor:568715
WTA,women,2026,38,183,1,445,18,sr:competitor:226092
WTA,women,2026,38,184,2,444,18,sr:competitor:45827
WTA,women,2026,38,185,-3,443,27,sr:competitor:842594
WTA,women,2026,38,186,-12,442,23,sr:competitor:1115539
WTA,women,2026,38,187,3,441,6,sr:competitor:208105
WTA,women,2026,38,188,4,438,6,sr:competitor:225130
WTA,women,2026,38,189,6,438,18,sr:competitor:936009
WTA,women,2026,38,190,-11,436,29,sr:competitor:148276
WTA,women,2026,38,191,3,425,26,sr:competitor:254553
WTA,women,2026,38,192,-7,420,13,sr:competitor:141892
WTA,women,2026,38,193,11,418,25,sr:competitor:105063
WTA,women,2026,38,194,2,417,20,sr:competitor:227486
WTA,women,2026,38,195,6,414,28,sr:competitor:378144
WTA,women,2026,38,196,10,410,25,sr:competitor:728507
WTA,women,2026,38,197,10,409,8,sr:competitor:210558
WTA,women,2026,38,198,7,408,20,sr:competitor:213144
WTA,women,2026,38,199,25,408,18,sr:competitor:387110
WTA,women,2026,38,200,58,406,19,sr:competitor:812476
WTA,women,2026,38,201,9,404,15,sr:competitor:421379
WTA,women,2026,38,202,-9,400,23,sr:competitor:264863
WTA,women,2026,38,203,9,397,9,sr:competitor:63220
WTA,women,2026,38,204,4,397,31,sr:competitor:233478
WTA,women,2026,38,205,4,392,8,sr:competitor:1222991
WTA,women,2026,38,206,-19,391,12,sr:competitor:807358
WTA,women,2026,38,207,52,391,20,sr:competitor:904005
WTA,women,2026,38,208,-107,388,10,sr:competitor:18251
WTA,women,2026,38,209,8,387,4,sr:competitor:217912
WTA,women,2026,38,210,3,387,21,sr:competitor:66516
WTA,women,2026,38,211,-13,387,19,sr:competitor:353358
WTA,women,2026,38,212,-12,384,19,sr:competitor:256447
WTA,women,2026,38,213,-51,381,4,sr:competitor:192108
WTA,women,2026,38,214,1,380,4,sr:competitor:319455
WTA,women,2026,38,215,6,378,22,sr:competitor:473937
WTA,women,2026,38,216,104,373,4,sr:competitor:235260
WTA,women,2026,38,217,-28,373,17,sr:competitor:731441
WTA,women,2026,38,218,-2,372,19,sr:competitor:890199
WTA,women,2026,38,219,-16,370,10,sr:competitor:750327
WTA,women,2026,38,220,-1,368,18,sr:competitor:282597
WTA,women,2026,38,221,6,368,22,sr:competitor:340365
WTA,women,2026,38,222,6,367,7,sr:competitor:728549
WTA,women,2026,38,223,7,365,18,sr:competitor:225468
WTA,women,2026,38,224,-25,364,17,sr:competitor:70822
WTA,women,2026,38,225,-71,363,14,sr:competitor:111189
WTA,women,2026,38,226,5,360,17,sr:competitor:870983
WTA,women,2026,38,227,7,358,16,sr:competitor:134532
WTA,women,2026,38,228,29,354,20,sr:competitor:750329
WTA,women,2026,38,229,9,352,8,sr:competitor:1017327
WTA,women,2026,38,230,9,352,21,sr:competitor:494296
WTA,women,2026,38,231,-2,350,10,sr:competitor:47697
WTA,women,2026,38,232,5,350,21,sr:competitor:604242
WTA,women,2026,38,233,13,349,20,sr:competitor:459317
WTA,women,2026,38,234,-2,349,21,sr:competitor:380368
WTA,women,2026,38,235,8,347,26,sr:competitor:341196
WTA,women,2026,38,236,-3,344,23,sr:competitor:476218
WTA,women,2026,38,237,3,341,12,sr:competitor:286435
WTA,women,2026,38,238,7,341,18,sr:competitor:420819
WTA,women,2026,38,239,-56,340,7,sr:competitor:406199
WTA,women,2026,38,240,8,337,24,sr:competitor:122668
WTA,women,2026,38,241,-63,335,2,sr:competitor:71250
WTA,women,2026,38,242,-100,335,8,sr:competitor:245295
WTA,women,2026,38,243,9,331,18,sr:competitor:745799
WTA,women,2026,38,244,9,331,20,sr:competitor:98105
WTA,women,2026,38,245,2,330,22,sr:competitor:624838
WTA,women,2026,38,246,8,330,19,sr:competitor:217036
WTA,women,2026,38,247,8,328,26,sr:competitor:61526
WTA,women,2026,38,248,15,327,15,sr:competitor:567285
WTA,women,2026,38,249,-5,326,12,sr:competitor:1027515
WTA,women,2026,38,250,10,323,33,sr:competitor:315663
WTA,women,2026,38,251,16,317,25,sr:competitor:1008651
WTA,women,2026,38,252,-10,313,19,sr:competitor:1020859
WTA,women,2026,38,253,8,312,15,sr:competitor:257691
WTA,women,2026,38,254,15,311,25,sr:competitor:505580
WTA,women,2026,38,255,15,310,13,sr:competitor:979575
WTA,women,2026,38,256,-36,309,16,sr:competitor:19847
WTA,women,2026,38,257,-22,308,11,sr:competitor:137932
WTA,women,2026,38,258,8,308,17,sr:competitor:209418
WTA,women,2026,38,259,16,304,15,sr:competitor:906635
WTA,women,2026,38,260,12,304,14,sr:competitor:378226
WTA,women,2026,38,261,12,303,16,sr:competitor:496316
WTA,women,2026,38,262,-13,302,10,sr:competitor:115507
WTA,women,2026,38,263,16,302,23,sr:competitor:171354
WTA,women,2026,38,264,-2,302,14,sr:competitor:868599
WTA,women,2026,38,265,6,301,13,sr:competitor:1052227
WTA,women,2026,38,266,-2,297,13,sr:competitor:132412
WTA,women,2026,38,267,10,296,26,sr:competitor:202803
WTA,women,2026,38,268,31,293,30,sr:competitor:1020177
WTA,women,2026,38,269,11,291,17,sr:competitor:927441
WTA,women,2026,38,270,6,290,25,sr:competitor:221510
WTA,women,2026,38,271,12,288,6,sr:competitor:315609
WTA,women,2026,38,272,13,285,20,sr:competitor:858867
WTA,women,2026,38,273,13,283,33,sr:competitor:41359
WTA,women,2026,38,274,24,282,8,sr:competitor:845268
WTA,women,2026,38,275,12,282,13,sr:competitor:870979
WTA,women,2026,38,276,5,280,12,sr:competitor:356694
WTA,women,2026,38,277,-66,278,6,sr:competitor:256547
WTA,women,2026,38,278,13,277,16,sr:competitor:337813
WTA,women,2026,38,279,14,276,11,sr:competitor:300496
WTA,women,2026,38,280,14,276,14,sr:competitor:799662
WTA,women,2026,38,281,-7,274,29,sr:competitor:673491
WTA,women,2026,38,282,13,273,9,sr:competitor:679319
WTA,women,2026,38,283,13,273,20,sr:competitor:244216
WTA,women,2026,38,284,-34,271,4,sr:competitor:504238
WTA,women,2026,38,284,223,271,4,sr:competitor:906723
WTA,women,2026,38,286,41,266,20,sr:competitor:567551
WTA,women,2026,38,287,16,266,28,sr:competitor:447703
WTA,women,2026,38,288,23,265,20,sr:competitor:505974
WTA,women,2026,38,289,-11,264,15,sr:competitor:448081
WTA,women,2026,38,290,-72,262,6,sr:competitor:445421
WTA,women,2026,38,291,15,260,30,sr:competitor:786310
WTA,women,2026,38,292,-3,259,14,sr:competitor:414533
WTA,women,2026,38,293,69,258,8,sr:competitor:227390
WTA,women,2026,38,294,15,256,20,sr:competitor:777872
WTA,women,2026,38,295,15,256,19,sr:competitor:262701
WTA,women,2026,38,296,-73,255,7,sr:competitor:287769
WTA,women,2026,38,297,-15,255,13,sr:competitor:292540
WTA,women,2026,38,298,-8,253,15,sr:competitor:104929
WTA,women,2026,38,299,14,253,19,sr:competitor:496378
WTA,women,2026,38,300,-130,251,2,sr:competitor:52025
WTA,women,2026,38,301,-1,251,26,sr:competitor:65610
WTA,women,2026,38,302,3,250,16,sr:competitor:118052
WTA,women,2026,38,303,5,248,28,sr:competitor:409673
WTA,women,2026,38,304,282,246,12,sr:competitor:335171
WTA,women,2026,38,305,13,245,12,sr:competitor:45139
WTA,women,2026,38,306,11,245,8,sr:competitor:675189
WTA,women,2026,38,307,12,245,15,sr:competitor:967949
WTA,women,2026,38,308,-86,244,3,sr:competitor:19655
WTA,women,2026,38,309,40,244,8,sr:competitor:297588
WTA,women,2026,38,310,4,244,24,sr:competitor:568103
WTA,women,2026,38,311,47,243,18,sr:competitor:129430
WTA,women,2026,38,312,-87,240,1,sr:competitor:59702
WTA,women,2026,38,313,9,239,14,sr:competitor:960043
WTA,women,2026,38,314,2,238,15,sr:competitor:209716
WTA,women,2026,38,315,33,238,20,sr:competitor:133076
WTA,women,2026,38,316,-1,237,7,sr:competitor:373354
WTA,women,2026,38,317,-33,236,7,sr:competitor:50655
WTA,women,2026,38,318,-16,236,16,sr:competitor:833336
WTA,women,2026,38,319,18,236,24,sr:competitor:720627
WTA,women,2026,38,320,-19,234,23,sr:competitor:515530
WTA,women,2026,38,321,5,233,16,sr:competitor:918555
WTA,women,2026,38,322,6,231,4,sr:competitor:675193
WTA,women,2026,38,323,86,231,10,sr:competitor:55793
WTA,women,2026,38,324,-1,231,18,sr:competitor:965307
WTA,women,2026,38,325,-21,229,5,sr:competitor:106341
WTA,women,2026,38,326,-70,229,9,sr:competitor:501894
WTA,women,2026,38,327,3,229,14,sr:competitor:111767
WTA,women,2026,38,328,7,229,20,sr:competitor:310984
WTA,women,2026,38,329,7,228,2,sr:competitor:52273
WTA,women,2026,38,330,2,228,22,sr:competitor:827398
WTA,women,2026,38,331,-95,226,6,sr:competitor:789688
WTA,women,2026,38,332,6,226,25,sr:competitor:47876
WTA,women,2026,38,333,-2,225,12,sr:competitor:933453
WTA,women,2026,38,334,-42,224,15,sr:competitor:78785
WTA,women,2026,38,335,5,223,30,sr:competitor:201105
WTA,women,2026,38,336,5,223,20,sr:competitor:658439
WTA,women,2026,38,337,22,221,4,sr:competitor:801414
WTA,women,2026,38,338,16,221,20,sr:competitor:41480
WTA,women,2026,38,339,7,221,23,sr:competitor:679485
WTA,women,2026,38,340,2,218,22,sr:competitor:286459
WTA,women,2026,38,341,11,218,13,sr:competitor:195404
WTA,women,2026,38,342,11,217,20,sr:competitor:677411
WTA,women,2026,38,343,-163,216,2,sr:competitor:41877
WTA,women,2026,38,344,-5,215,3,sr:competitor:45545
WTA,women,2026,38,345,-1,214,24,sr:competitor:37638
WTA,women,2026,38,346,11,213,9,sr:competitor:51651
WTA,women,2026,38,347,-14,211,23,sr:competitor:242504
WTA,women,2026,38,348,-1,210,5,sr:competitor:416473
WTA,women,2026,38,349,6,210,12,sr:competitor:518748
WTA,women,2026,38,350,-99,209,4,sr:competitor:676251
WTA,women,2026,38,351,5,208,21,sr:competitor:111149
WTA,women,2026,38,352,-28,207,12,sr:competitor:234398
WTA,women,2026,38,353,-2,207,11,sr:competitor:812502
WTA,women,2026,38,354,10,206,20,sr:competitor:61922
WTA,women,2026,38,355,26,206,16,sr:competitor:133080
WTA,women,2026,38,356,13,206,21,sr:competitor:154744
WTA,women,2026,38,357,16,206,21,sr:competitor:179248
WTA,women,2026,38,358,374,205,5,sr:competitor:262759
WTA,women,2026,38,359,11,205,5,sr:competitor:99405
WTA,women,2026,38,360,0,205,25,sr:competitor:324677
WTA,women,2026,38,361,11,204,7,sr:competitor:41404
WTA,women,2026,38,362,13,203,26,sr:competitor:352784
WTA,women,2026,38,363,-2,203,9,sr:competitor:510530
WTA,women,2026,38,364,26,203,16,sr:competitor:517006
WTA,women,2026,38,365,9,202,4,sr:competitor:110299
WTA,women,2026,38,366,11,202,10,sr:competitor:319461
WTA,women,2026,38,367,9,202,24,sr:competitor:86894
WTA,women,2026,38,368,10,202,28,sr:competitor:171026
WTA,women,2026,38,369,107,201,18,sr:competitor:282057
WTA,women,2026,38,370,-3,201,22,sr:competitor:206957
WTA,women,2026,38,371,8,200,10,sr:competitor:1098357
WTA,women,2026,38,372,-43,199,16,sr:competitor:857871
WTA,women,2026,38,373,-10,199,13,sr:competitor:120664
WTA,women,2026,38,374,6,198,9,sr:competitor:403329
WTA,women,2026,38,375,17,197,21,sr:competitor:262023
WTA,women,2026,38,376,-10,197,9,sr:competitor:915371
WTA,women,2026,38,377,9,197,10,sr:competitor:915635
WTA,women,2026,38,378,-57,196,20,sr:competitor:108857
WTA,women,2026,38,379,-11,195,19,sr:competitor:932867
WTA,women,2026,38,380,9,194,3,sr:competitor:211262
WTA,women,2026,38,381,3,194,9,sr:competitor:835864
WTA,women,2026,38,382,-11,194,8,sr:competitor:1027517
WTA,women,2026,38,383,4,194,17,sr:competitor:244184
WTA,women,2026,38,384,-50,193,25,sr:competitor:797346
WTA,women,2026,38,385,19,192,12,sr:competitor:254551
WTA,women,2026,38,386,8,190,19,sr:competitor:739667
WTA,women,2026,38,387,4,190,20,sr:competitor:762764
WTA,women,2026,38,388,-123,188,6,sr:competitor:192130
WTA,women,2026,38,389,7,188,22,sr:competitor:947289
WTA,women,2026,38,390,8,186,17,sr:competitor:783792
WTA,women,2026,38,391,70,186,14,sr:competitor:59662
WTA,women,2026,38,392,9,185,24,sr:competitor:233748
WTA,women,2026,38,393,12,185,22,sr:competitor:389048
WTA,women,2026,38,394,8,184,2,sr:competitor:341112
WTA,women,2026,38,395,8,184,7,sr:competitor:79443
WTA,women,2026,38,396,10,183,23,sr:competitor:227342
WTA,women,2026,38,397,10,182,6,sr:competitor:18919
WTA,women,2026,38,398,10,182,11,sr:competitor:337811
WTA,women,2026,38,399,11,182,9,sr:competitor:99429
WTA,women,2026,38,400,12,181,17,sr:competitor:164852
WTA,women,2026,38,401,-2,179,19,sr:competitor:185412
WTA,women,2026,38,402,14,178,6,sr:competitor:955421
WTA,women,2026,38,403,-21,178,11,sr:competitor:1080640
WTA,women,2026,38,404,16,178,19,sr:competitor:904237
WTA,women,2026,38,405,43,177,14,sr:competitor:1279439
WTA,women,2026,38,406,13,177,18,sr:competitor:513666
WTA,women,2026,38,407,4,177,19,sr:competitor:627510
WTA,women,2026,38,408,102,176,12,sr:competitor:1195051
WTA,women,2026,38,409,16,175,10,sr:competitor:586741
WTA,women,2026,38,410,42,175,17,sr:competitor:743423
WTA,women,2026,38,411,21,175,18,sr:competitor:406401
WTA,women,2026,38,412,12,173,5,sr:competitor:771430
WTA,women,2026,38,413,14,172,4,sr:competitor:784280
WTA,women,2026,38,414,40,171,8,sr:competitor:790640
WTA,women,2026,38,415,14,171,11,sr:competitor:836764
WTA,women,2026,38,416,15,170,14,sr:competitor:513582
WTA,women,2026,38,417,16,170,20,sr:competitor:120722
WTA,women,2026,38,418,16,169,8,sr:competitor:505998
WTA,women,2026,38,419,-76,168,5,sr:competitor:112957
WTA,women,2026,38,420,27,168,15,sr:competitor:373362
WTA,women,2026,38,421,15,167,14,sr:competitor:382264
WTA,women,2026,38,422,15,167,7,sr:competitor:867605
WTA,women,2026,38,423,-5,167,14,sr:competitor:217056
WTA,women,2026,38,424,14,167,22,sr:competitor:196552
WTA,women,2026,38,425,33,167,23,sr:competitor:915657
WTA,women,2026,38,426,14,166,17,sr:competitor:875507
WTA,women,2026,38,427,14,166,17,sr:competitor:948061
WTA,women,2026,38,428,11,165,3,sr:competitor:341216
WTA,women,2026,38,429,-32,165,16,sr:competitor:59213
WTA,women,2026,38,430,12,165,14,sr:competitor:628190
WTA,women,2026,38,431,49,165,13,sr:competitor:972259
WTA,women,2026,38,432,11,165,5,sr:competitor:165866
WTA,women,2026,38,433,-108,164,7,sr:competitor:215598
WTA,women,2026,38,434,10,164,7,sr:competitor:1116289
WTA,women,2026,38,435,-147,163,5,sr:competitor:467037
WTA,women,2026,38,436,10,163,7,sr:competitor:234150
WTA,women,2026,38,437,-44,163,3,sr:competitor:586739
WTA,women,2026,38,438,99,163,14,sr:competitor:801420
WTA,women,2026,38,439,11,162,5,sr:competitor:535801
WTA,women,2026,38,440,-12,162,22,sr:competitor:226170
WTA,women,2026,38,441,-15,162,18,sr:competitor:858079
WTA,women,2026,38,442,-228,161,5,sr:competitor:242630
WTA,women,2026,38,443,13,161,9,sr:competitor:395740
WTA,women,2026,38,444,-59,161,16,sr:competitor:348216
WTA,women,2026,38,445,12,159,30,sr:competitor:341238
WTA,women,2026,38,446,18,158,3,sr:competitor:113079
WTA,women,2026,38,447,24,158,21,sr:competitor:360054
WTA,women,2026,38,448,18,158,12,sr:competitor:405105
WTA,women,2026,38,449,-54,157,17,sr:competitor:673521
WTA,women,2026,38,450,209,157,19,sr:competitor:194474
WTA,women,2026,38,451,161,155,7,sr:competitor:134342
WTA,women,2026,38,452,18,155,18,sr:competitor:960137
WTA,women,2026,38,453,12,154,21,sr:competitor:169960
WTA,women,2026,38,454,18,154,14,sr:competitor:1073106
WTA,women,2026,38,455,19,153,12,sr:competitor:60028
WTA,women,2026,38,456,3,152,11,sr:competitor:1164921
WTA,women,2026,38,457,-57,152,14,sr:competitor:620340
WTA,women,2026,38,458,19,152,15,sr:competitor:208229
WTA,women,2026,38,459,19,152,16,sr:competitor:925005
WTA,women,2026,38,460,19,151,2,sr:competitor:23082
WTA,women,2026,38,461,-16,151,17,sr:competitor:770242
WTA,women,2026,38,462,69,151,21,sr:competitor:956445
WTA,women,2026,38,463,-50,151,23,sr:competitor:54983
WTA,women,2026,38,463,-50,151,23,sr:competitor:63238
WTA,women,2026,38,465,78,151,18,sr:competitor:967951
WTA,women,2026,38,466,16,151,17,sr:competitor:788274
WTA,women,2026,38,467,16,151,23,sr:competitor:447759
WTA,women,2026,38,468,44,150,3,sr:competitor:132370
WTA,women,2026,38,469,24,150,21,sr:competitor:904159
WTA,women,2026,38,470,16,149,4,sr:competitor:63682
WTA,women,2026,38,471,-20,149,21,sr:competitor:153744
WTA,women,2026,38,472,-3,149,25,sr:competitor:194604
WTA,women,2026,38,473,79,149,12,sr:competitor:355958
WTA,women,2026,38,474,14,149,13,sr:competitor:1045543
WTA,women,2026,38,475,14,149,16,sr:competitor:786086
WTA,women,2026,38,475,14,149,17,sr:competitor:1038811
WTA,women,2026,38,477,-127,148,9,sr:competitor:289093
WTA,women,2026,38,478,-29,148,12,sr:competitor:448093
WTA,women,2026,38,479,22,148,15,sr:competitor:100185
WTA,women,2026,38,480,12,148,16,sr:competitor:450331
WTA,women,2026,38,481,-28,148,18,sr:competitor:518838
WTA,women,2026,38,482,-47,147,11,sr:competitor:157368
WTA,women,2026,38,483,2,146,18,sr:competitor:505576
WTA,women,2026,38,484,7,145,16,sr:competitor:510068
WTA,women,2026,38,485,66,143,24,sr:competitor:861587
WTA,women,2026,38,486,41,143,14,sr:competitor:82609
WTA,women,2026,38,487,-190,142,5,sr:competitor:62924
WTA,women,2026,38,488,17,142,17,sr:competitor:1020179
WTA,women,2026,38,489,-8,142,17,sr:competitor:853745
WTA,women,2026,38,490,21,142,13,sr:competitor:822586
WTA,women,2026,38,491,15,142,23,sr:competitor:51354
WTA,women,2026,38,492,16,141,4,sr:competitor:505970
WTA,women,2026,38,493,19,140,2,sr:competitor:318195
WTA,women,2026,38,493,348,140,2,sr:competitor:604388
WTA,women,2026,38,495,-11,140,3,sr:competitor:179146
WTA,women,2026,38,496,-41,140,11,sr:competitor:128638
WTA,women,2026,38,497,62,140,14,sr:competitor:889135
WTA,women,2026,38,498,-3,140,19,sr:competitor:1073852
WTA,women,2026,38,498,-3,140,19,sr:competitor:1073856
WTA,women,2026,38,500,16,139,9,sr:competitor:763112
